locality	cnt	avg_rating
New York City	103516	4.069844275281116
Chicago	30785	4.117102484976449
San Francisco	30065	4.0549476135040745
Boston	20425	4.209498164014688
San Diego	14199	3.989858440735263
