locality	hotel_class	avg_rating
Boston	5.0	4.142857142857143
Boston	4.5	3.937360178970917
Boston	4.0	4.0635683760683765
Boston	3.5	3.8757396449704142
Boston	3.0	3.7372549019607844